DFW TECH COMPANIES,,,,,,,,,,,,Markdown
Name,Location,Address,Website,Category,Note,Team Size,Company Size,Frontend Stack,Mobile Stack,Infrastructure,Category Sort Order,Name|Location|Category|Website
---,---,---,---,---,---,---,---,---,---,---,,---|---|---|---
4Web Medical,"Frisco, TX",,,Tech/SAAS/eCommerce Companies (HQ in DFW),,,,,,,1,"4Web Medical|Frisco, TX|Tech/SAAS/eCommerce Companies (HQ in DFW)|"
Active Network,"Dallas, Texas","717 N Harwood St #2500, Dallas, TX 75201",,Tech/SAAS/eCommerce Companies (HQ in DFW),Large Company Internal Team,,,,,,1,"Active Network|Dallas, Texas|Tech/SAAS/eCommerce Companies (HQ in DFW)|"
ActivTrack,"Dallas, TX",,,Tech/SAAS/eCommerce Companies (HQ in DFW),,,,,,,1,"ActivTrack|Dallas, TX|Tech/SAAS/eCommerce Companies (HQ in DFW)|"
Alkami,"Plano, TX",,,Tech/SAAS/eCommerce Companies (HQ in DFW),,,,,,,1,"Alkami|Plano, TX|Tech/SAAS/eCommerce Companies (HQ in DFW)|"
App Dynamics,"Dallas, TX","16000 Dallas Pkwy #650, Dallas, TX 75248",http://www.appdynamics.com,Tech/SAAS/eCommerce Companies (HQ in DFW),,,,,,,1,"App Dynamics|Dallas, TX|Tech/SAAS/eCommerce Companies (HQ in DFW)|http://www.appdynamics.com"
Aprima Medical Software,"Richardson, TX",,,Tech/SAAS/eCommerce Companies (HQ in DFW),,,,,,,1,"Aprima Medical Software|Richardson, TX|Tech/SAAS/eCommerce Companies (HQ in DFW)|"
ARGO,"Richardson, TX","1500 N Greenville Ave # 500, Richardson, TX 75081",http://argodata.com/,Tech/SAAS/eCommerce Companies (HQ in DFW),Large Company Internal Team,,,,,,1,"ARGO|Richardson, TX|Tech/SAAS/eCommerce Companies (HQ in DFW)|http://argodata.com/"
Asset Panda,"Frisco, TX",,,Tech/SAAS/eCommerce Companies (HQ in DFW),,,,,,,1,"Asset Panda|Frisco, TX|Tech/SAAS/eCommerce Companies (HQ in DFW)|"
Axxess,"Dallas, TX",,,Tech/SAAS/eCommerce Companies (HQ in DFW),,,,,,,1,"Axxess|Dallas, TX|Tech/SAAS/eCommerce Companies (HQ in DFW)|"
Bestow Inc.,"Dallas, TX",,,Tech/SAAS/eCommerce Companies (HQ in DFW),,,,,,,1,"Bestow Inc.|Dallas, TX|Tech/SAAS/eCommerce Companies (HQ in DFW)|"
Blinksale,"Dallas, TX",,,Tech/SAAS/eCommerce Companies (HQ in DFW),,,,,,,1,"Blinksale|Dallas, TX|Tech/SAAS/eCommerce Companies (HQ in DFW)|"
Broadjump LLC,"Dallas, TX",,,Tech/SAAS/eCommerce Companies (HQ in DFW),,,,,,,1,"Broadjump LLC|Dallas, TX|Tech/SAAS/eCommerce Companies (HQ in DFW)|"
Broadleaf Commerce,"Plano, TX",,,Tech/SAAS/eCommerce Companies (HQ in DFW),,,,,,,1,"Broadleaf Commerce|Plano, TX|Tech/SAAS/eCommerce Companies (HQ in DFW)|"
Charity Network,"Dallas, TX",,https://charitynetwork.com/,Tech/SAAS/eCommerce Companies (HQ in DFW),,,,,,,1,"Charity Network|Dallas, TX|Tech/SAAS/eCommerce Companies (HQ in DFW)|https://charitynetwork.com/"
Church Media Group,"Keller, TX",,,Tech/SAAS/eCommerce Companies (HQ in DFW),,,,,,,1,"Church Media Group|Keller, TX|Tech/SAAS/eCommerce Companies (HQ in DFW)|"
Clear C2,"Coppell, TX",,,Tech/SAAS/eCommerce Companies (HQ in DFW),,,,,,,1,"Clear C2|Coppell, TX|Tech/SAAS/eCommerce Companies (HQ in DFW)|"
CyberlinkASP,"Dallas, TX",,,Tech/SAAS/eCommerce Companies (HQ in DFW),,,,,,,1,"CyberlinkASP|Dallas, TX|Tech/SAAS/eCommerce Companies (HQ in DFW)|"
Defi Solutions,"Westlake, TX",,,Tech/SAAS/eCommerce Companies (HQ in DFW),,,,,,,1,"Defi Solutions|Westlake, TX|Tech/SAAS/eCommerce Companies (HQ in DFW)|"
DoctorLogic,"Plano, TX",,,Tech/SAAS/eCommerce Companies (HQ in DFW),,,,,,,1,"DoctorLogic|Plano, TX|Tech/SAAS/eCommerce Companies (HQ in DFW)|"
Door Inc. (doorhomes.com),"Dallas, TX",,,Tech/SAAS/eCommerce Companies (HQ in DFW),,,,,,,1,"Door Inc. (doorhomes.com)|Dallas, TX|Tech/SAAS/eCommerce Companies (HQ in DFW)|"
DreamCars.com,"Dallas, TX",,,Tech/SAAS/eCommerce Companies (HQ in DFW),,,,,,,1,"DreamCars.com|Dallas, TX|Tech/SAAS/eCommerce Companies (HQ in DFW)|"
ECi Software,"Fort Worth, TX",,,Tech/SAAS/eCommerce Companies (HQ in DFW),,,,,,,1,"ECi Software|Fort Worth, TX|Tech/SAAS/eCommerce Companies (HQ in DFW)|"
Elevate / Think Finance,"Fort Worth, TX",,,Tech/SAAS/eCommerce Companies (HQ in DFW),,,,,,,1,"Elevate / Think Finance|Fort Worth, TX|Tech/SAAS/eCommerce Companies (HQ in DFW)|"
Enseo,"Richardson, TX",,,Tech/SAAS/eCommerce Companies (HQ in DFW),,,,,,,1,"Enseo|Richardson, TX|Tech/SAAS/eCommerce Companies (HQ in DFW)|"
Entouch,"Richardson, TX",,,Tech/SAAS/eCommerce Companies (HQ in DFW),,,,,,,1,"Entouch|Richardson, TX|Tech/SAAS/eCommerce Companies (HQ in DFW)|"
Epacube,"Fort Worth, TX",,,Tech/SAAS/eCommerce Companies (HQ in DFW),,,,,,,1,"Epacube|Fort Worth, TX|Tech/SAAS/eCommerce Companies (HQ in DFW)|"
first.io,Dallas Remote,,https://www.first.io/,Tech/SAAS/eCommerce Companies (HQ in DFW),,small,small,,,,1,first.io|Dallas Remote|Tech/SAAS/eCommerce Companies (HQ in DFW)|https://www.first.io/
Flywheel Building Intelligence,"Dallas, TX",,,Tech/SAAS/eCommerce Companies (HQ in DFW),,,,,,,1,"Flywheel Building Intelligence|Dallas, TX|Tech/SAAS/eCommerce Companies (HQ in DFW)|"
Groove Jones,"Dallas, TX",,,Tech/SAAS/eCommerce Companies (HQ in DFW),,,,,,,1,"Groove Jones|Dallas, TX|Tech/SAAS/eCommerce Companies (HQ in DFW)|"
Haxiot,"Plano, TX",,,Tech/SAAS/eCommerce Companies (HQ in DFW),,,,,,,1,"Haxiot|Plano, TX|Tech/SAAS/eCommerce Companies (HQ in DFW)|"
Hypergiant,"Dallas, TX",,https://www.hypergiant.com/,Tech/SAAS/eCommerce Companies (HQ in DFW),,,,,,,1,"Hypergiant|Dallas, TX|Tech/SAAS/eCommerce Companies (HQ in DFW)|https://www.hypergiant.com/"
Id90travel.com,"Southlake, TX",,,Tech/SAAS/eCommerce Companies (HQ in DFW),,,,,,,1,"Id90travel.com|Southlake, TX|Tech/SAAS/eCommerce Companies (HQ in DFW)|"
Immosis LLC,"Dallas, TX",,,Tech/SAAS/eCommerce Companies (HQ in DFW),,,,,,,1,"Immosis LLC|Dallas, TX|Tech/SAAS/eCommerce Companies (HQ in DFW)|"
InvoiceCare,"Dallas, TX",,,Tech/SAAS/eCommerce Companies (HQ in DFW),,,,,,,1,"InvoiceCare|Dallas, TX|Tech/SAAS/eCommerce Companies (HQ in DFW)|"
KubOS,"Denton, TX",,kubos.co,Tech/SAAS/eCommerce Companies (HQ in DFW),,4,8,,,,1,"KubOS|Denton, TX|Tech/SAAS/eCommerce Companies (HQ in DFW)|kubos.co"
Lanyon,"Dallas, TX",,,Tech/SAAS/eCommerce Companies (HQ in DFW),,,,,,,1,"Lanyon|Dallas, TX|Tech/SAAS/eCommerce Companies (HQ in DFW)|"
Lone Wold Technologies,"Dallas, TX",,,Tech/SAAS/eCommerce Companies (HQ in DFW),,,,,,,1,"Lone Wold Technologies|Dallas, TX|Tech/SAAS/eCommerce Companies (HQ in DFW)|"
MarketChorus/SpaceAgent,"Richardson, TX","1201 Kas Dr suite c, Richardson, TX 75081",http://www.marketchorus.com/,Tech/SAAS/eCommerce Companies (HQ in DFW),Small Company Internal Team,3-Jan,,,,,1,"MarketChorus/SpaceAgent|Richardson, TX|Tech/SAAS/eCommerce Companies (HQ in DFW)|http://www.marketchorus.com/"
Massergy Communications,"Plano, TX",,,Tech/SAAS/eCommerce Companies (HQ in DFW),,,,,,,1,"Massergy Communications|Plano, TX|Tech/SAAS/eCommerce Companies (HQ in DFW)|"
Match.com,"Dallas, TX","8300 Douglas Ave, Dallas, TX 75225",,Tech/SAAS/eCommerce Companies (HQ in DFW),,,,,,,1,"Match.com|Dallas, TX|Tech/SAAS/eCommerce Companies (HQ in DFW)|"
MineralWare.com,"Fort Worth, TX",,,Tech/SAAS/eCommerce Companies (HQ in DFW),,,,,,,1,"MineralWare.com|Fort Worth, TX|Tech/SAAS/eCommerce Companies (HQ in DFW)|"
Munzee,"McKinney, TX",,,Tech/SAAS/eCommerce Companies (HQ in DFW),,,,,,,1,"Munzee|McKinney, TX|Tech/SAAS/eCommerce Companies (HQ in DFW)|"
MusicBed.com / FilmSupply,,,musicbed.com,Tech/SAAS/eCommerce Companies (HQ in DFW),,,,,,,1,MusicBed.com / FilmSupply||Tech/SAAS/eCommerce Companies (HQ in DFW)|musicbed.com
Newline Interactive,"Plano, TX",,,Tech/SAAS/eCommerce Companies (HQ in DFW),,,,,,,1,"Newline Interactive|Plano, TX|Tech/SAAS/eCommerce Companies (HQ in DFW)|"
NoiseAware,"Dallas, TX",,,Tech/SAAS/eCommerce Companies (HQ in DFW),,,,,,,1,"NoiseAware|Dallas, TX|Tech/SAAS/eCommerce Companies (HQ in DFW)|"
Omnitracs,"Dallas, TX",,,Tech/SAAS/eCommerce Companies (HQ in DFW),,,,,,,1,"Omnitracs|Dallas, TX|Tech/SAAS/eCommerce Companies (HQ in DFW)|"
One Technologies,"Dallas, TX","8144 Walnut Hill Ln #600, Dallas, TX 75231",https://onetechnologies.net/,Tech/SAAS/eCommerce Companies (HQ elsewhere; dev offices in DFW),Large Company Internal Team,,,,,,1,"One Technologies|Dallas, TX|Tech/SAAS/eCommerce Companies (HQ elsewhere; dev offices in DFW)|https://onetechnologies.net/"
OrderMyGear.com,"Dallas, TX",,,Tech/SAAS/eCommerce Companies (HQ in DFW),,,,,,,1,"OrderMyGear.com|Dallas, TX|Tech/SAAS/eCommerce Companies (HQ in DFW)|"
ParkHub.com,"Dallas, TX",,,Tech/SAAS/eCommerce Companies (HQ in DFW),,,,,,,1,"ParkHub.com|Dallas, TX|Tech/SAAS/eCommerce Companies (HQ in DFW)|"
PayCor,"Frisco, TX",,,Tech/SAAS/eCommerce Companies (HQ in DFW),,,,,,,1,"PayCor|Frisco, TX|Tech/SAAS/eCommerce Companies (HQ in DFW)|"
PestRoutes,"McKinney, TX",,,Tech/SAAS/eCommerce Companies (HQ in DFW),,,,,,,1,"PestRoutes|McKinney, TX|Tech/SAAS/eCommerce Companies (HQ in DFW)|"
Pivotal,"Irving, TX",3001 Hackberry Rd ,https://pivotal.io/,Tech/SAAS/eCommerce Companies (HQ in DFW),,small,,,,,1,"Pivotal|Irving, TX|Tech/SAAS/eCommerce Companies (HQ in DFW)|https://pivotal.io/"
PostItPlayIt,"Addison, TX",,,Tech/SAAS/eCommerce Companies (HQ in DFW),,,,,,,1,"PostItPlayIt|Addison, TX|Tech/SAAS/eCommerce Companies (HQ in DFW)|"
R3Pi / Solera,"Dallas, TX",,,Tech/SAAS/eCommerce Companies (HQ in DFW),,,,,,,1,"R3Pi / Solera|Dallas, TX|Tech/SAAS/eCommerce Companies (HQ in DFW)|"
RealPage,"Richardson, TX",,,Tech/SAAS/eCommerce Companies (HQ in DFW),,,,,,,1,"RealPage|Richardson, TX|Tech/SAAS/eCommerce Companies (HQ in DFW)|"
rewardStyle/LikeToKnowit.com,"Dallas, TX",,,Tech/SAAS/eCommerce Companies (HQ in DFW),,,,,,,1,"rewardStyle/LikeToKnowit.com|Dallas, TX|Tech/SAAS/eCommerce Companies (HQ in DFW)|"
Ride Alto,"Dallas, TX",,,Tech/SAAS/eCommerce Companies (HQ in DFW),,,,,,,1,"Ride Alto|Dallas, TX|Tech/SAAS/eCommerce Companies (HQ in DFW)|"
Robin Autopilot,"Dallas, TX",,http://tryrobin.com,Tech/SAAS/eCommerce Companies (HQ in DFW),,3 (and hiring!),10+,Ember,,AWS,1,"Robin Autopilot|Dallas, TX|Tech/SAAS/eCommerce Companies (HQ in DFW)|http://tryrobin.com"
RoboAmp,"Addison, TX",,,Tech/SAAS/eCommerce Companies (HQ in DFW),,,,,,,1,"RoboAmp|Addison, TX|Tech/SAAS/eCommerce Companies (HQ in DFW)|"
Robokind,"Dallas, TX",,,Tech/SAAS/eCommerce Companies (HQ in DFW),,,,,,,1,"Robokind|Dallas, TX|Tech/SAAS/eCommerce Companies (HQ in DFW)|"
Sabre,"Southlake, TX","3150 Sabre Dr, Southlake, TX",,Tech/SAAS/eCommerce Companies (HQ in DFW),Large Company Internal Team,,,,Native/Swift,Digital Ocean + Proprietary,1,"Sabre|Southlake, TX|Tech/SAAS/eCommerce Companies (HQ in DFW)|"
Siepe Systems,"Dallas, TX",,,Tech/SAAS/eCommerce Companies (HQ in DFW),,,,,,,1,"Siepe Systems|Dallas, TX|Tech/SAAS/eCommerce Companies (HQ in DFW)|"
Sifter,"Grapevine, TX",,,Tech/SAAS/eCommerce Companies (HQ in DFW),,,,,,,1,"Sifter|Grapevine, TX|Tech/SAAS/eCommerce Companies (HQ in DFW)|"
Sigmetrix,"McKinney, TX",,,Tech/SAAS/eCommerce Companies (HQ in DFW),,,,,,,1,"Sigmetrix|McKinney, TX|Tech/SAAS/eCommerce Companies (HQ in DFW)|"
Simpli.Fi,"Fort Worth, TX",,,Tech/SAAS/eCommerce Companies (HQ in DFW),,,,,,,1,"Simpli.Fi|Fort Worth, TX|Tech/SAAS/eCommerce Companies (HQ in DFW)|"
SiSTeR Technologies,"Dallas, TX",,,Tech/SAAS/eCommerce Companies (HQ in DFW),,,,,,,1,"SiSTeR Technologies|Dallas, TX|Tech/SAAS/eCommerce Companies (HQ in DFW)|"
Solovis,"Irving, TX",,,Tech/SAAS/eCommerce Companies (HQ in DFW),,,,,,,1,"Solovis|Irving, TX|Tech/SAAS/eCommerce Companies (HQ in DFW)|"
Stack Sports,"Frisco, TX",,,Tech/SAAS/eCommerce Companies (HQ in DFW),(FKA Blue Star Sports),,,,,,1,"Stack Sports|Frisco, TX|Tech/SAAS/eCommerce Companies (HQ in DFW)|"
Stone Eagle,"Richardson, TX",,,Tech/SAAS/eCommerce Companies (HQ in DFW),,,,,,,1,"Stone Eagle|Richardson, TX|Tech/SAAS/eCommerce Companies (HQ in DFW)|"
Tantrum Street,"Dallas, TX",,,Tech/SAAS/eCommerce Companies (HQ in DFW),,,,,,,1,"Tantrum Street|Dallas, TX|Tech/SAAS/eCommerce Companies (HQ in DFW)|"
Texas Instruments (TI),"Dallas, TX",,,Tech/SAAS/eCommerce Companies (HQ in DFW),,,,,,,1,"Texas Instruments (TI)|Dallas, TX|Tech/SAAS/eCommerce Companies (HQ in DFW)|"
Toyota Connected,"Plano, TX",,,Tech/SAAS/eCommerce Companies (HQ in DFW),,small,<100,,,,1,"Toyota Connected|Plano, TX|Tech/SAAS/eCommerce Companies (HQ in DFW)|"
Traxo,"Dallas, TX",,https://www.traxo.com/,Tech/SAAS/eCommerce Companies (HQ in DFW),,,,,,,1,"Traxo|Dallas, TX|Tech/SAAS/eCommerce Companies (HQ in DFW)|https://www.traxo.com/"
Tripbam,"Dallas, TX",,,Tech/SAAS/eCommerce Companies (HQ in DFW),,,,,,,1,"Tripbam|Dallas, TX|Tech/SAAS/eCommerce Companies (HQ in DFW)|"
Tripcase,,,,Tech/SAAS/eCommerce Companies (HQ in DFW),Part of Sabre,,,,,,1,Tripcase||Tech/SAAS/eCommerce Companies (HQ in DFW)|
TripCase @ Sabre,"Southlake, Texas","3150 Sabre Dr, Southlake, TX",,Tech/SAAS/eCommerce Companies (HQ in DFW),Large Company Internal Team,25,,Backbone,Cordova/iOS native/Swift/Android Native,,1,"TripCase @ Sabre|Southlake, Texas|Tech/SAAS/eCommerce Companies (HQ in DFW)|"
Tyler Technologies,"Plano, TX",,,Tech/SAAS/eCommerce Companies (HQ in DFW),,,,,,,1,"Tyler Technologies|Plano, TX|Tech/SAAS/eCommerce Companies (HQ in DFW)|"
Valify,"Frisco, TX",,,Tech/SAAS/eCommerce Companies (HQ in DFW),,,,,,,1,"Valify|Frisco, TX|Tech/SAAS/eCommerce Companies (HQ in DFW)|"
Veryable,"Dallas, TX",,,Tech/SAAS/eCommerce Companies (HQ in DFW),,,,,,,1,"Veryable|Dallas, TX|Tech/SAAS/eCommerce Companies (HQ in DFW)|"
Vinli,"Dallas, TX",,,Tech/SAAS/eCommerce Companies (HQ in DFW),Small Company Internal Team,,,,,,1,"Vinli|Dallas, TX|Tech/SAAS/eCommerce Companies (HQ in DFW)|"
Viverae,"Dallas, TX",,,Tech/SAAS/eCommerce Companies (HQ in DFW),,,,,,,1,"Viverae|Dallas, TX|Tech/SAAS/eCommerce Companies (HQ in DFW)|"
Woot.com (Amazon),"Carrolton, TX",,,Tech/SAAS/eCommerce Companies (HQ in DFW),,,,,,,1,"Woot.com (Amazon)|Carrolton, TX|Tech/SAAS/eCommerce Companies (HQ in DFW)|"
YellowFolder,"Carollton, TX",,,Tech/SAAS/eCommerce Companies (HQ in DFW),,,,,,,1,"YellowFolder|Carollton, TX|Tech/SAAS/eCommerce Companies (HQ in DFW)|"
YourCause,"Plano, TX",,,Tech/SAAS/eCommerce Companies (HQ in DFW),,,,,,,1,"YourCause|Plano, TX|Tech/SAAS/eCommerce Companies (HQ in DFW)|"
ZenLeap,"Celina, TX",,,Tech/SAAS/eCommerce Companies (HQ in DFW),,,,,,,1,"ZenLeap|Celina, TX|Tech/SAAS/eCommerce Companies (HQ in DFW)|"
Zimperium,"Dallas, TX",,,Tech/SAAS/eCommerce Companies (HQ in DFW),,,,,,,1,"Zimperium|Dallas, TX|Tech/SAAS/eCommerce Companies (HQ in DFW)|"
Amazon Web Services,"Dallas, TX",,,Tech/SAAS/eCommerce Companies (HQ elsewhere; dev offices in DFW),,,,,,,2,"Amazon Web Services|Dallas, TX|Tech/SAAS/eCommerce Companies (HQ elsewhere; dev offices in DFW)|"
Avigilon (Motorola),"Dallas, TX",,,Tech/SAAS/eCommerce Companies (HQ elsewhere; dev offices in DFW),,,,,,,2,"Avigilon (Motorola)|Dallas, TX|Tech/SAAS/eCommerce Companies (HQ elsewhere; dev offices in DFW)|"
Bloomreach,"Dallas, TX",,,Tech/SAAS/eCommerce Companies (HQ elsewhere; dev offices in DFW),,,,Angular,,AWS,2,"Bloomreach|Dallas, TX|Tech/SAAS/eCommerce Companies (HQ elsewhere; dev offices in DFW)|"
Bluebeam,"Dallas, TX",,,Tech/SAAS/eCommerce Companies (HQ elsewhere; dev offices in DFW),Formerly Project Atlas,,,,,,2,"Bluebeam|Dallas, TX|Tech/SAAS/eCommerce Companies (HQ elsewhere; dev offices in DFW)|"
BrainSpace (PureDiscovery),"Addison, Texas","15601 Dallas Pkwy #1000, Addison, TX 75001",https://www.brainspace.com/,Tech/SAAS/eCommerce Companies (HQ elsewhere; dev offices in DFW),Small Company Internal Team,3-Jan,,Angular,,AWS + Proprietary,2,"BrainSpace (PureDiscovery)|Addison, Texas|Tech/SAAS/eCommerce Companies (HQ elsewhere; dev offices in DFW)|https://www.brainspace.com/"
CA Technologies,"Plano, TX",,,Tech/SAAS/eCommerce Companies (HQ elsewhere; dev offices in DFW),,,,,,,2,"CA Technologies|Plano, TX|Tech/SAAS/eCommerce Companies (HQ elsewhere; dev offices in DFW)|"
Call-Em-All,"Frisco, TX","2611 Internet Blvd #120, Frisco, TX 75034",https://www.call-em-all.com/,Tech/SAAS/eCommerce Companies (HQ elsewhere; dev offices in DFW),,,,React,,,2,"Call-Em-All|Frisco, TX|Tech/SAAS/eCommerce Companies (HQ elsewhere; dev offices in DFW)|https://www.call-em-all.com/"
Campus Labs,"Dallas, TX","13140 Coit Rd #405, Dallas, TX 75240",https://www.campuslabs.com/,Tech/SAAS/eCommerce Companies (HQ elsewhere; dev offices in DFW),(previously OrgSync),,,,,,2,"Campus Labs|Dallas, TX|Tech/SAAS/eCommerce Companies (HQ elsewhere; dev offices in DFW)|https://www.campuslabs.com/"
Concur Technologies,"Allen, TX",,,Tech/SAAS/eCommerce Companies (HQ elsewhere; dev offices in DFW),,,,,,,2,"Concur Technologies|Allen, TX|Tech/SAAS/eCommerce Companies (HQ elsewhere; dev offices in DFW)|"
Dealer.com,"Dallas, TX",,,Tech/SAAS/eCommerce Companies (HQ elsewhere; dev offices in DFW),,,,,,,2,"Dealer.com|Dallas, TX|Tech/SAAS/eCommerce Companies (HQ elsewhere; dev offices in DFW)|"
Dealertrack Technologies,"Dallas, TX",,,Tech/SAAS/eCommerce Companies (HQ elsewhere; dev offices in DFW),,,,,,,2,"Dealertrack Technologies|Dallas, TX|Tech/SAAS/eCommerce Companies (HQ elsewhere; dev offices in DFW)|"
Deltek,"Richardson, TX",,,Tech/SAAS/eCommerce Companies (HQ elsewhere; dev offices in DFW),,,,,,,2,"Deltek|Richardson, TX|Tech/SAAS/eCommerce Companies (HQ elsewhere; dev offices in DFW)|"
Drive.ai,"Frisco, TX",,,Tech/SAAS/eCommerce Companies (HQ elsewhere; dev offices in DFW),,,,,,,2,"Drive.ai|Frisco, TX|Tech/SAAS/eCommerce Companies (HQ elsewhere; dev offices in DFW)|"
Electronic Data Systems (HP),"Plano, TX",,,Tech/SAAS/eCommerce Companies (HQ elsewhere; dev offices in DFW),,,,,,,2,"Electronic Data Systems (HP)|Plano, TX|Tech/SAAS/eCommerce Companies (HQ elsewhere; dev offices in DFW)|"
Hotels.com,,,,Tech/SAAS/eCommerce Companies (HQ elsewhere; dev offices in DFW),,,,,,,2,Hotels.com||Tech/SAAS/eCommerce Companies (HQ elsewhere; dev offices in DFW)|
Intuit,"Plano, Texas","5601 Headquarters Dr, Plano, TX 75024",,Tech/SAAS/eCommerce Companies (HQ elsewhere; dev offices in DFW),Large Company Internal Team,,,,,,2,"Intuit|Plano, Texas|Tech/SAAS/eCommerce Companies (HQ elsewhere; dev offices in DFW)|"
Kimbia,,,,Tech/SAAS/eCommerce Companies (HQ elsewhere; dev offices in DFW),,,,,,,2,Kimbia||Tech/SAAS/eCommerce Companies (HQ elsewhere; dev offices in DFW)|
LivingSocial / Groupon,Dallas Remote Individuals,,chrismo@clabs.org for more info,Tech/SAAS/eCommerce Companies (HQ elsewhere; dev offices in DFW),,60-ish,LS: 250-300,javascript stew,,,2,LivingSocial / Groupon|Dallas Remote Individuals|Tech/SAAS/eCommerce Companies (HQ elsewhere; dev offices in DFW)|chrismo@clabs.org for more info
Marketron,"North Richland Hills, TX",,,Tech/SAAS/eCommerce Companies (HQ elsewhere; dev offices in DFW),,,,,,,2,"Marketron|North Richland Hills, TX|Tech/SAAS/eCommerce Companies (HQ elsewhere; dev offices in DFW)|"
McAfee,"Plano, TX",,,,,,,,,,2,"McAfee|Plano, TX||"
Oculus VR (Facebook),,,,Tech/SAAS/eCommerce Companies (HQ elsewhere; dev offices in DFW),,,,,,,2,Oculus VR (Facebook)||Tech/SAAS/eCommerce Companies (HQ elsewhere; dev offices in DFW)|
Ooyala,"Plano, TX",,,Tech/SAAS/eCommerce Companies (HQ elsewhere; dev offices in DFW),,,,,,,2,"Ooyala|Plano, TX|Tech/SAAS/eCommerce Companies (HQ elsewhere; dev offices in DFW)|"
Paycom,"Lewisville, TX",,,Tech/SAAS/eCommerce Companies (HQ elsewhere; dev offices in DFW),,,,,,,2,"Paycom|Lewisville, TX|Tech/SAAS/eCommerce Companies (HQ elsewhere; dev offices in DFW)|"
Salesforce,,,,Tech/SAAS/eCommerce Companies (HQ elsewhere; dev offices in DFW),,,,,,,2,Salesforce||Tech/SAAS/eCommerce Companies (HQ elsewhere; dev offices in DFW)|
SAP,,,,Tech/SAAS/eCommerce Companies (HQ elsewhere; dev offices in DFW),,,,,,,2,SAP||Tech/SAAS/eCommerce Companies (HQ elsewhere; dev offices in DFW)|
Softlayer (IBM),"Dallas, TX",,,Tech/SAAS/eCommerce Companies (HQ elsewhere; dev offices in DFW),,,,,,,2,"Softlayer (IBM)|Dallas, TX|Tech/SAAS/eCommerce Companies (HQ elsewhere; dev offices in DFW)|"
[x]CubeLabs,"Dallas, TX",,,Web Design/Mobile Dev/Digital Marketing Firms,,,,,,,3,"[x]CubeLabs|Dallas, TX|Web Design/Mobile Dev/Digital Marketing Firms|"
10up,"Irving, TX",,,Web Design/Mobile Dev/Digital Marketing Firms,,,,,,,3,"10up|Irving, TX|Web Design/Mobile Dev/Digital Marketing Firms|"
422 Studios,"Fort Worth, TX",,,Web Design/Mobile Dev/Digital Marketing Firms,,,,,,,3,"422 Studios|Fort Worth, TX|Web Design/Mobile Dev/Digital Marketing Firms|"
900lbs of Creative,,,,Web Design/Mobile Dev/Digital Marketing Firms,,,,,,,3,900lbs of Creative||Web Design/Mobile Dev/Digital Marketing Firms|
AppShark Software,"Dallas, TX",,,Web Design/Mobile Dev/Digital Marketing Firms,,,,,,,3,"AppShark Software|Dallas, TX|Web Design/Mobile Dev/Digital Marketing Firms|"
Ardent Creative,"Fort Worth, TX",,,Web Design/Mobile Dev/Digital Marketing Firms,,,,,,,3,"Ardent Creative|Fort Worth, TX|Web Design/Mobile Dev/Digital Marketing Firms|"
Artisans Collaborative,,,,Web Design/Mobile Dev/Digital Marketing Firms,,,,,,,3,Artisans Collaborative||Web Design/Mobile Dev/Digital Marketing Firms|
ArtistUprising.com,,,,Web Design/Mobile Dev/Digital Marketing Firms,,,,,,,3,ArtistUprising.com||Web Design/Mobile Dev/Digital Marketing Firms|
Atomic Design,"Plano, TX",,,Web Design/Mobile Dev/Digital Marketing Firms,,,,,,,3,"Atomic Design|Plano, TX|Web Design/Mobile Dev/Digital Marketing Firms|"
Avio Consulting,"Addison, TX",,,Web Design/Mobile Dev/Digital Marketing Firms,,,,,,,3,"Avio Consulting|Addison, TX|Web Design/Mobile Dev/Digital Marketing Firms|"
Bottle Rocket,"Dallas, TX",,,Web Design/Mobile Dev/Digital Marketing Firms,Agency/Consulting,,,Angular,,AWS + Proprietary,3,"Bottle Rocket|Dallas, TX|Web Design/Mobile Dev/Digital Marketing Firms|"
CedarWaters Custom Software,"Frsico, TX",,,Web Design/Mobile Dev/Digital Marketing Firms,,,,,,,3,"CedarWaters Custom Software|Frsico, TX|Web Design/Mobile Dev/Digital Marketing Firms|"
Chaotic Moon Studios,"Dallas, TX","1701 N Market St; Dallas, Texas 75202",,Web Design/Mobile Dev/Digital Marketing Firms,Agency/Consulting,,,,,,3,"Chaotic Moon Studios|Dallas, TX|Web Design/Mobile Dev/Digital Marketing Firms|"
Chetu Inx,"Plano, TX",,,Web Design/Mobile Dev/Digital Marketing Firms,,,,,,,3,"Chetu Inx|Plano, TX|Web Design/Mobile Dev/Digital Marketing Firms|"
Copper Mobile,"Dallas, TX",,,Web Design/Mobile Dev/Digital Marketing Firms,,,,,,,3,"Copper Mobile|Dallas, TX|Web Design/Mobile Dev/Digital Marketing Firms|"
Credera,"Addison, TX",,,Web Design/Mobile Dev/Digital Marketing Firms,Agency/Consulting,,,,,,3,"Credera|Addison, TX|Web Design/Mobile Dev/Digital Marketing Firms|"
Data Bakery,"Dallas, TX",,,Web Design/Mobile Dev/Digital Marketing Firms,,,,,,,3,"Data Bakery|Dallas, TX|Web Design/Mobile Dev/Digital Marketing Firms|"
DeFak.to,,,,Web Design/Mobile Dev/Digital Marketing Firms,,,,,,,3,DeFak.to||Web Design/Mobile Dev/Digital Marketing Firms|
Dialexa,"Dallas, TX",,,Web Design/Mobile Dev/Digital Marketing Firms,Agency/Consulting,,,,,,3,"Dialexa|Dallas, TX|Web Design/Mobile Dev/Digital Marketing Firms|"
Digility,"Addison, TX",,,Web Design/Mobile Dev/Digital Marketing Firms,,,,,,,3,"Digility|Addison, TX|Web Design/Mobile Dev/Digital Marketing Firms|"
Digiture,"Grapevine, TX",,,Web Design/Mobile Dev/Digital Marketing Firms,,,,,,,3,"Digiture|Grapevine, TX|Web Design/Mobile Dev/Digital Marketing Firms|"
Ellipsis Infotech,"Dallas, TX",,,Web Design/Mobile Dev/Digital Marketing Firms,,,,,,,3,"Ellipsis Infotech|Dallas, TX|Web Design/Mobile Dev/Digital Marketing Firms|"
Five Pack Creative,"Frisco, TX",,,Web Design/Mobile Dev/Digital Marketing Firms,,,,,,,3,"Five Pack Creative|Frisco, TX|Web Design/Mobile Dev/Digital Marketing Firms|"
Flexsin Inc,"Dallas, TX",,,Web Design/Mobile Dev/Digital Marketing Firms,,,,,,,3,"Flexsin Inc|Dallas, TX|Web Design/Mobile Dev/Digital Marketing Firms|"
ForestBits,"Dallas, TX",,,Web Design/Mobile Dev/Digital Marketing Firms,,,,,,,3,"ForestBits|Dallas, TX|Web Design/Mobile Dev/Digital Marketing Firms|"
Glint Advertising,"Dallas, TX",,,Web Design/Mobile Dev/Digital Marketing Firms,,,,,,,3,"Glint Advertising|Dallas, TX|Web Design/Mobile Dev/Digital Marketing Firms|"
Hathaway (wearehathway.com),"Southlake, TX",,,Web Design/Mobile Dev/Digital Marketing Firms,,,,,,,3,"Hathaway (wearehathway.com)|Southlake, TX|Web Design/Mobile Dev/Digital Marketing Firms|"
HP,,,,Web Design/Mobile Dev/Digital Marketing Firms,Agency/Consulting,,,,,,3,HP||Web Design/Mobile Dev/Digital Marketing Firms|
Impiger Technologies,,,,Web Design/Mobile Dev/Digital Marketing Firms,,,,,,,3,Impiger Technologies||Web Design/Mobile Dev/Digital Marketing Firms|
Improving Enterprises,"Richardson, TX",,,Web Design/Mobile Dev/Digital Marketing Firms,Agency/Consulting,,,,,,3,"Improving Enterprises|Richardson, TX|Web Design/Mobile Dev/Digital Marketing Firms|"
iTrellis,"Dallas, TX",,,Web Design/Mobile Dev/Digital Marketing Firms,,,,,,,3,"iTrellis|Dallas, TX|Web Design/Mobile Dev/Digital Marketing Firms|"
Kod Technologies,"Dallas, TX",,,Web Design/Mobile Dev/Digital Marketing Firms,,,,,,,3,"Kod Technologies|Dallas, TX|Web Design/Mobile Dev/Digital Marketing Firms|"
Levelten Interactive,"Dallas, TX",,,Web Design/Mobile Dev/Digital Marketing Firms,,,,,,,3,"Levelten Interactive|Dallas, TX|Web Design/Mobile Dev/Digital Marketing Firms|"
Lifeblue,"McKinney, TX",,,Web Design/Mobile Dev/Digital Marketing Firms,,,,,,,3,"Lifeblue|McKinney, TX|Web Design/Mobile Dev/Digital Marketing Firms|"
Lift,"McKinney, TX",,,Web Design/Mobile Dev/Digital Marketing Firms,,,,,,,3,"Lift|McKinney, TX|Web Design/Mobile Dev/Digital Marketing Firms|"
LionsMouth Digital,,,,Web Design/Mobile Dev/Digital Marketing Firms,,,,,,,3,LionsMouth Digital||Web Design/Mobile Dev/Digital Marketing Firms|
Magic Logix,"Dallas, TX",,,Web Design/Mobile Dev/Digital Marketing Firms,,,,,,,3,"Magic Logix|Dallas, TX|Web Design/Mobile Dev/Digital Marketing Firms|"
MODassic Marketing,"Dallas, TX",,,Web Design/Mobile Dev/Digital Marketing Firms,,,,,,,3,"MODassic Marketing|Dallas, TX|Web Design/Mobile Dev/Digital Marketing Firms|"
Monkedia,"Irving, TX",,,Web Design/Mobile Dev/Digital Marketing Firms,,,,,,,3,"Monkedia|Irving, TX|Web Design/Mobile Dev/Digital Marketing Firms|"
Oven Bits,"Dallas, Texas","2211 N Lamar St #302, Dallas, TX 75202",,Web Design/Mobile Dev/Digital Marketing Firms,Agency/Consulting,,,,,,3,"Oven Bits|Dallas, Texas|Web Design/Mobile Dev/Digital Marketing Firms|"
Panamplify,"Dallas, TX","1601 Elm St, Dallas, TX 75201",http://panamplify.com/,Web Design/Mobile Dev/Digital Marketing Firms,,,,,,,3,"Panamplify|Dallas, TX|Web Design/Mobile Dev/Digital Marketing Firms|http://panamplify.com/"
Pariveda,"Dallas, TX","2811 McKinney Ave, Suite 220, Dallas, TX 75204",,Web Design/Mobile Dev/Digital Marketing Firms,Agency/Consulting,,,,,,3,"Pariveda|Dallas, TX|Web Design/Mobile Dev/Digital Marketing Firms|"
PMG,"Fort Worth, TX",,,Web Design/Mobile Dev/Digital Marketing Firms,,,,,,,3,"PMG|Fort Worth, TX|Web Design/Mobile Dev/Digital Marketing Firms|"
Projekt202,"Addison, TX","5080 Spectrum Dr #320w, Addison, TX 75001",,Web Design/Mobile Dev/Digital Marketing Firms,Agency/Consulting,20-25,,,,,3,"Projekt202|Addison, TX|Web Design/Mobile Dev/Digital Marketing Firms|"
Reel FX,,,,Web Design/Mobile Dev/Digital Marketing Firms,,,,,,,3,Reel FX||Web Design/Mobile Dev/Digital Marketing Firms|
Ride for the Brand,"Dallas, TX",,,Web Design/Mobile Dev/Digital Marketing Firms,,,,,,,3,"Ride for the Brand|Dallas, TX|Web Design/Mobile Dev/Digital Marketing Firms|"
Runner,"Dallas, TX",,,Web Design/Mobile Dev/Digital Marketing Firms,,,,,,,3,"Runner|Dallas, TX|Web Design/Mobile Dev/Digital Marketing Firms|"
Seven Tablets,"Dallas, TX",,,Web Design/Mobile Dev/Digital Marketing Firms,,,,,,,3,"Seven Tablets|Dallas, TX|Web Design/Mobile Dev/Digital Marketing Firms|"
Simple Media,"Addison, TX",,,Web Design/Mobile Dev/Digital Marketing Firms,,,,,,,3,"Simple Media|Addison, TX|Web Design/Mobile Dev/Digital Marketing Firms|"
Skunk Worx Lab,Dallas & Austin,,skunkworxlab.com,Web Design/Mobile Dev/Digital Marketing Firms,,20-ish,,"JS, React, etc",Native / Custom hybrid,AWS,3,Skunk Worx Lab|Dallas & Austin|Web Design/Mobile Dev/Digital Marketing Firms|skunkworxlab.com
Slalom,,,,Web Design/Mobile Dev/Digital Marketing Firms,Agency/Consulting,,,,,,3,Slalom||Web Design/Mobile Dev/Digital Marketing Firms|
Slalom Consulting,"Addison, TX",,,Web Design/Mobile Dev/Digital Marketing Firms,,,,,,,3,"Slalom Consulting|Addison, TX|Web Design/Mobile Dev/Digital Marketing Firms|"
Social Factor,"Fort Worth, TX",,,Web Design/Mobile Dev/Digital Marketing Firms,,,,,,,3,"Social Factor|Fort Worth, TX|Web Design/Mobile Dev/Digital Marketing Firms|"
Software Allies,"Dallas, TX",,,Web Design/Mobile Dev/Digital Marketing Firms,,,,,,,3,"Software Allies|Dallas, TX|Web Design/Mobile Dev/Digital Marketing Firms|"
Techgene,"Irving, TX",,,Web Design/Mobile Dev/Digital Marketing Firms,,,,,,,3,"Techgene|Irving, TX|Web Design/Mobile Dev/Digital Marketing Firms|"
Tekzenit,"Irving, Texas",,,Web Design/Mobile Dev/Digital Marketing Firms,Agency/Consulting,,,,,,3,"Tekzenit|Irving, Texas|Web Design/Mobile Dev/Digital Marketing Firms|"
The Old State,"Dallas, TX",,,Web Design/Mobile Dev/Digital Marketing Firms,,,,,,,3,"The Old State|Dallas, TX|Web Design/Mobile Dev/Digital Marketing Firms|"
The Richards Group/ClickHere (?),"Dallas, TX","2801 N Central Expy #100, Dallas, TX 75204",https://richards.com/,Web Design/Mobile Dev/Digital Marketing Firms,Agency/Consulting,,,,,,3,"The Richards Group/ClickHere (?)|Dallas, TX|Web Design/Mobile Dev/Digital Marketing Firms|https://richards.com/"
Think Tree Studios,"McKinney, TX",,,Web Design/Mobile Dev/Digital Marketing Firms,,,,,,,3,"Think Tree Studios|McKinney, TX|Web Design/Mobile Dev/Digital Marketing Firms|"
Thoughtworks,"Dallas, TX",,,Web Design/Mobile Dev/Digital Marketing Firms,,,,,,,3,"Thoughtworks|Dallas, TX|Web Design/Mobile Dev/Digital Marketing Firms|"
Tonic3,"Lewisville, TX","151 W Walters St, Lewisville, TX 75057",,Web Design/Mobile Dev/Digital Marketing Firms,Agency/Consulting,,,,,,3,"Tonic3|Lewisville, TX|Web Design/Mobile Dev/Digital Marketing Firms|"
Universal Mind,"Dallas, TX","302 N Market St, Dallas, TX 75202",https://www.universalmind.com/,Web Design/Mobile Dev/Digital Marketing Firms,Agency/Consulting,,,,,,3,"Universal Mind|Dallas, TX|Web Design/Mobile Dev/Digital Marketing Firms|https://www.universalmind.com/"
Ventuso LLC,"Dallas, TX",,,Web Design/Mobile Dev/Digital Marketing Firms,,,,,,,3,"Ventuso LLC|Dallas, TX|Web Design/Mobile Dev/Digital Marketing Firms|"
Wve Labs,"Dallas, TX",,,Web Design/Mobile Dev/Digital Marketing Firms,,,,,,,3,"Wve Labs|Dallas, TX|Web Design/Mobile Dev/Digital Marketing Firms|"
3D Realms,,,,Video Game Companies,,,,,,,4,3D Realms||Video Game Companies|
Barking Lizards,,,,Video Game Companies,,,,,,,4,Barking Lizards||Video Game Companies|
Blackdot,,,,Video Game Companies,,,,,,,4,Blackdot||Video Game Companies|
BonusXP,,,,Video Game Companies,,,,,,,4,BonusXP||Video Game Companies|
Boss Fight Entertainment,,,,Video Game Companies,,,,,,,4,Boss Fight Entertainment||Video Game Companies|
Controlled Chaos Media,,,,Video Game Companies,,,,,,,4,Controlled Chaos Media||Video Game Companies|
Escalation Studios,,,,Video Game Companies,,,,,,,4,Escalation Studios||Video Game Companies|
Game Circus,,,,Video Game Companies,,,,,,,4,Game Circus||Video Game Companies|
Gearbox Software,,,,Video Game Companies,,,,,,,4,Gearbox Software||Video Game Companies|
id Software,,,,Video Game Companies,,,,,,,4,id Software||Video Game Companies|
Jovian Minds,,,,Video Game Companies,,,,,,,4,Jovian Minds||Video Game Companies|
KingsIsle Entertainment Ltd.,,,,Video Game Companies,,,,,,,4,KingsIsle Entertainment Ltd.||Video Game Companies|
Method Solutions,,,,Video Game Companies,,,,,,,4,Method Solutions||Video Game Companies|
Mumbo Jumbo,,,,Video Game Companies,,,,,,,4,Mumbo Jumbo||Video Game Companies|
Nerve Software,,,,Video Game Companies,,,,,,,4,Nerve Software||Video Game Companies|
Perpetual FX Creative,,,,Video Game Companies,,,,,,,4,Perpetual FX Creative||Video Game Companies|
Playful Corp.,"McKinney, TX",,,Video Game Companies,,,,,,,4,"Playful Corp.|McKinney, TX|Video Game Companies|"
Robot Entertainment,,,,Video Game Companies,,,,,,,4,Robot Entertainment||Video Game Companies|
Sickhead Games,,,,Video Game Companies,,,,,,,4,Sickhead Games||Video Game Companies|
Soldak Entertainment,,,,Video Game Companies,,,,,,,4,Soldak Entertainment||Video Game Companies|
Southpeak Games,,,,Video Game Companies,,,,,,,4,Southpeak Games||Video Game Companies|
Trptych Games,,,,Video Game Companies,,,,,,,4,Trptych Games||Video Game Companies|
Axelum Tech,,,,Small Startups (less than 5 employees) / Solo-preneurs,,,,,,,5,Axelum Tech||Small Startups (less than 5 employees) / Solo-preneurs|
balancedmediatechnology.com,,,,Small Startups (less than 5 employees) / Solo-preneurs,,,,,,,5,balancedmediatechnology.com||Small Startups (less than 5 employees) / Solo-preneurs|
Budgit,Dallas,1910 Pacific Ave,www.budgitapp.com,Small Startups (less than 5 employees) / Solo-preneurs,,2,2,,,Heroku,5,Budgit|Dallas|Small Startups (less than 5 employees) / Solo-preneurs|www.budgitapp.com
cleanfinances.com,,,,Small Startups (less than 5 employees) / Solo-preneurs,,,,,,,5,cleanfinances.com||Small Startups (less than 5 employees) / Solo-preneurs|
coinsource.net,,,,Small Startups (less than 5 employees) / Solo-preneurs,,,,,,,5,coinsource.net||Small Startups (less than 5 employees) / Solo-preneurs|
cruisebe.com,,,,Small Startups (less than 5 employees) / Solo-preneurs,,,,,,,5,cruisebe.com||Small Startups (less than 5 employees) / Solo-preneurs|
Estimake,"Fort Worth, TX",,,Small Startups (less than 5 employees) / Solo-preneurs,,,,,,,5,"Estimake|Fort Worth, TX|Small Startups (less than 5 employees) / Solo-preneurs|"
Fan Guru (FKA Cosmunity),,,,Small Startups (less than 5 employees) / Solo-preneurs,,,,,,,5,Fan Guru (FKA Cosmunity)||Small Startups (less than 5 employees) / Solo-preneurs|
GivingGreat,,,,Small Startups (less than 5 employees) / Solo-preneurs,,,,,,,5,GivingGreat||Small Startups (less than 5 employees) / Solo-preneurs|
GraphiteDocs.com,,,,Small Startups (less than 5 employees) / Solo-preneurs,,,,,,,5,GraphiteDocs.com||Small Startups (less than 5 employees) / Solo-preneurs|
GravyGravy,"Dallas, TX",,,Small Startups (less than 5 employees) / Solo-preneurs,,,,,,,5,"GravyGravy|Dallas, TX|Small Startups (less than 5 employees) / Solo-preneurs|"
gruupmeet.com,,,,Small Startups (less than 5 employees) / Solo-preneurs,,,,,,,5,gruupmeet.com||Small Startups (less than 5 employees) / Solo-preneurs|
LarkSpark Corp,,,,Small Startups (less than 5 employees) / Solo-preneurs,,,,,,,5,LarkSpark Corp||Small Startups (less than 5 employees) / Solo-preneurs|
LittleBeetleLabs,,,,Small Startups (less than 5 employees) / Solo-preneurs,,,,,,,5,LittleBeetleLabs||Small Startups (less than 5 employees) / Solo-preneurs|
lobbyTV,"Fort Worth, TX",,,Small Startups (less than 5 employees) / Solo-preneurs,,,,,,,5,"lobbyTV|Fort Worth, TX|Small Startups (less than 5 employees) / Solo-preneurs|"
MacServe.net,,,,Small Startups (less than 5 employees) / Solo-preneurs,,,,,,,5,MacServe.net||Small Startups (less than 5 employees) / Solo-preneurs|
Modern Message,"Dallas, Texas","750 N St Paul, Dallas, TX",modernmsg.com,Small Startups (less than 5 employees) / Solo-preneurs,Downtown,2,21,Backbone,Turbolinks for iOS/Android,Linode,5,"Modern Message|Dallas, Texas|Small Startups (less than 5 employees) / Solo-preneurs|modernmsg.com"
ModoPayments,"Richardson, TX",,,Small Startups (less than 5 employees) / Solo-preneurs,,,,,,,5,"ModoPayments|Richardson, TX|Small Startups (less than 5 employees) / Solo-preneurs|"
NickelCommerce,"Dallas, TX",,,Small Startups (less than 5 employees) / Solo-preneurs,,,,,,,5,"NickelCommerce|Dallas, TX|Small Startups (less than 5 employees) / Solo-preneurs|"
PicPocket,"Dallas, TX",,,Small Startups (less than 5 employees) / Solo-preneurs,,,,,,,5,"PicPocket|Dallas, TX|Small Startups (less than 5 employees) / Solo-preneurs|"
Roomored.com,,,,Small Startups (less than 5 employees) / Solo-preneurs,,,,,,,5,Roomored.com||Small Startups (less than 5 employees) / Solo-preneurs|
SettleIt.org,,,,Small Startups (less than 5 employees) / Solo-preneurs,,,,,,,5,SettleIt.org||Small Startups (less than 5 employees) / Solo-preneurs|
Spacee,,,,Small Startups (less than 5 employees) / Solo-preneurs,,,,,,,5,Spacee||Small Startups (less than 5 employees) / Solo-preneurs|
swirlds.com,,,,Small Startups (less than 5 employees) / Solo-preneurs,,,,,,,5,swirlds.com||Small Startups (less than 5 employees) / Solo-preneurs|
7-Eleven Corp,"Irving, TX",,,Non-tech Companies with Software Dev Departments in DFW,,,,,,,6,"7-Eleven Corp|Irving, TX|Non-tech Companies with Software Dev Departments in DFW|"
ABSG,"Frisco, TX",,http://www.absg.com/,Non-tech Companies with Software Dev Departments in DFW,Large Company Internal Team,,,,,,6,"ABSG|Frisco, TX|Non-tech Companies with Software Dev Departments in DFW|http://www.absg.com/"
Accenture,,,,Non-tech Companies with Software Dev Departments in DFW,,,,,,,6,Accenture||Non-tech Companies with Software Dev Departments in DFW|
ADT,"Dallas, TX",,http://www.adt.com,Non-tech Companies with Software Dev Departments in DFW,Large Company Internal Team,,,,,,6,"ADT|Dallas, TX|Non-tech Companies with Software Dev Departments in DFW|http://www.adt.com"
American Airlines,"Fort Worth, Texas","4255 Amon Carter Blvd, Fort Worth, TX 76155",https://www.aa.com,Non-tech Companies with Software Dev Departments in DFW,Large Company Internal Team,,,,,,6,"American Airlines|Fort Worth, Texas|Non-tech Companies with Software Dev Departments in DFW|https://www.aa.com"
AT&T,"Dallas, TX",,https://www.att.com/,Non-tech Companies with Software Dev Departments in DFW,Large Company Internal Team,,,,,,6,"AT&T|Dallas, TX|Non-tech Companies with Software Dev Departments in DFW|https://www.att.com/"
Bank of America,"Plano, TX",,,Non-tech Companies with Software Dev Departments in DFW,,,,,,,6,"Bank of America|Plano, TX|Non-tech Companies with Software Dev Departments in DFW|"
BloomBoard,"Dallas, TX",,https://bloomboard.com/,Non-tech Companies with Software Dev Departments in DFW,,,,,,,6,"BloomBoard|Dallas, TX|Non-tech Companies with Software Dev Departments in DFW|https://bloomboard.com/"
Blue Cross Blue Shield (C1 Innovation Lab),"Dallas, TX","603 Munger Ave Dallas, TX 75202",http://c1innovationlab.com/,Non-tech Companies with Software Dev Departments in DFW,,,,,,,6,"Blue Cross Blue Shield (C1 Innovation Lab)|Dallas, TX|Non-tech Companies with Software Dev Departments in DFW|http://c1innovationlab.com/"
Bonobos,"Dallas, TX",,www.bonobos.com,Non-tech Companies with Software Dev Departments in DFW,,,,,,,6,"Bonobos|Dallas, TX|Non-tech Companies with Software Dev Departments in DFW|www.bonobos.com"
Borrowworks,"Fort Worth, TX",,,Non-tech Companies with Software Dev Departments in DFW,,,,,,,6,"Borrowworks|Fort Worth, TX|Non-tech Companies with Software Dev Departments in DFW|"
Cancer Gene Connect,"Dallas, TX",,,Non-tech Companies with Software Dev Departments in DFW,,,,,,,6,"Cancer Gene Connect|Dallas, TX|Non-tech Companies with Software Dev Departments in DFW|"
Canyon Ranch,"Fort Worth, TX",,,Non-tech Companies with Software Dev Departments in DFW,,,,,,,6,"Canyon Ranch|Fort Worth, TX|Non-tech Companies with Software Dev Departments in DFW|"
Capital One,"Plano, TX","7933 Preston Rd, Plano, TX 75024",,Non-tech Companies with Software Dev Departments in DFW,Large Company Internal Team,,,Angular/React/various,,,6,"Capital One|Plano, TX|Non-tech Companies with Software Dev Departments in DFW|"
CBRE,"Fort Worth, TX",,http://www.cbre.us/,Non-tech Companies with Software Dev Departments in DFW,Large Company Internal Team,,,,,,6,"CBRE|Fort Worth, TX|Non-tech Companies with Software Dev Departments in DFW|http://www.cbre.us/"
Citi,"Irving, Texas","6400 Las Colinas Blvd, Irving, TX 75039",,Non-tech Companies with Software Dev Departments in DFW,Large Company Internal Team,,,,,,6,"Citi|Irving, Texas|Non-tech Companies with Software Dev Departments in DFW|"
Citigroup,,,,Non-tech Companies with Software Dev Departments in DFW,,,,,,,6,Citigroup||Non-tech Companies with Software Dev Departments in DFW|
Container Store,"Coppell, TX",,,Non-tech Companies with Software Dev Departments in DFW,,,,,,,6,"Container Store|Coppell, TX|Non-tech Companies with Software Dev Departments in DFW|"
Copart,"Dallas, Texas","14185 Dallas Pkwy, Dallas, TX 75254",https://www.copart.com,Non-tech Companies with Software Dev Departments in DFW,Dallas/Fort Worth,6,5000 (IT is 450) ,"ReactJs, AngularJS",React Native,Co Located,6,"Copart|Dallas, Texas|Non-tech Companies with Software Dev Departments in DFW|https://www.copart.com"
Fidelity Investments,"Westlake, TX","1 Destiny Way, Westlake, TX 76262",,Non-tech Companies with Software Dev Departments in DFW,Large Company Internal Team,,,,,,6,"Fidelity Investments|Westlake, TX|Non-tech Companies with Software Dev Departments in DFW|"
GM Financial,"Irving, TX",,,Non-tech Companies with Software Dev Departments in DFW,,,,,,,6,"GM Financial|Irving, TX|Non-tech Companies with Software Dev Departments in DFW|"
Goldman Sachs,,,,Non-tech Companies with Software Dev Departments in DFW,,,,,,,6,Goldman Sachs||Non-tech Companies with Software Dev Departments in DFW|
Home Depot,,,,Non-tech Companies with Software Dev Departments in DFW,,,,,,,6,Home Depot||Non-tech Companies with Software Dev Departments in DFW|
JC Penny,,,,Non-tech Companies with Software Dev Departments in DFW,,,,,,,6,JC Penny||Non-tech Companies with Software Dev Departments in DFW|
L3 Technologies,"Arlington, TX",,,Non-tech Companies with Software Dev Departments in DFW,,,,,,,6,"L3 Technologies|Arlington, TX|Non-tech Companies with Software Dev Departments in DFW|"
Lockheed Martin,"Fort Worth, TX",,,Non-tech Companies with Software Dev Departments in DFW,,,,,,,6,"Lockheed Martin|Fort Worth, TX|Non-tech Companies with Software Dev Departments in DFW|"
MoneyGram,,,,Non-tech Companies with Software Dev Departments in DFW,Large Company Internal Team,,,,,,6,MoneyGram||Non-tech Companies with Software Dev Departments in DFW|
Northropp Grumman,"Fort Worth, TX",,,Non-tech Companies with Software Dev Departments in DFW,,,,,,,6,"Northropp Grumman|Fort Worth, TX|Non-tech Companies with Software Dev Departments in DFW|"
Pinnacle Property Management Services,"Addison, TX",,,Non-tech Companies with Software Dev Departments in DFW,,,,,,,6,"Pinnacle Property Management Services|Addison, TX|Non-tech Companies with Software Dev Departments in DFW|"
Power Home Remodeling Group,"Irving, TX",,http://www.powerhrg.com,Non-tech Companies with Software Dev Departments in DFW,,20 (and hiring!),"2,000+",React,Swift,Self hosted,6,"Power Home Remodeling Group|Irving, TX|Non-tech Companies with Software Dev Departments in DFW|http://www.powerhrg.com"
Raytheon,"Richardson, TX",,,Non-tech Companies with Software Dev Departments in DFW,,,,,,,6,"Raytheon|Richardson, TX|Non-tech Companies with Software Dev Departments in DFW|"
ReadyRosie,"Denton, TX",,https://www.readyrosie.com/,Non-tech Companies with Software Dev Departments in DFW,,4,20,,Native iOS/Android,Digital Ocean & Heroku,6,"ReadyRosie|Denton, TX|Non-tech Companies with Software Dev Departments in DFW|https://www.readyrosie.com/"
Rexel,"Addison, TX","14951 Dallas Pkwy, Dallas, TX 75254",,Non-tech Companies with Software Dev Departments in DFW,Large Company Internal Team,,,,,,6,"Rexel|Addison, TX|Non-tech Companies with Software Dev Departments in DFW|"
Rockwell Collins,"Richardson, TX",,,Non-tech Companies with Software Dev Departments in DFW,,,,,,,6,"Rockwell Collins|Richardson, TX|Non-tech Companies with Software Dev Departments in DFW|"
Samsung,"Frisco, TX",,,Non-tech Companies with Software Dev Departments in DFW,,,,,,,6,"Samsung|Frisco, TX|Non-tech Companies with Software Dev Departments in DFW|"
SiriusXM Car division,,,,Non-tech Companies with Software Dev Departments in DFW,Large Company Internal Team,,,,,,6,SiriusXM Car division||Non-tech Companies with Software Dev Departments in DFW|
Six Flags,"Arlington, TX",,,Non-tech Companies with Software Dev Departments in DFW,,,,,,,6,"Six Flags|Arlington, TX|Non-tech Companies with Software Dev Departments in DFW|"
Southwest.com,"Dallas, Texas","2702 Love Field Dr, Dallas, TX 75235",,Non-tech Companies with Software Dev Departments in DFW,Large Company Internal Team,,,,,,6,"Southwest.com|Dallas, Texas|Non-tech Companies with Software Dev Departments in DFW|"
Stitch Fix,"Dallas, TX",,https://www.stitchfix.com/,Non-tech Companies with Software Dev Departments in DFW,,,,,,,6,"Stitch Fix|Dallas, TX|Non-tech Companies with Software Dev Departments in DFW|https://www.stitchfix.com/"
Thompson Reuters,"Carrollton, Texas",,,Non-tech Companies with Software Dev Departments in DFW,Large Company Internal Team,,,,,,6,"Thompson Reuters|Carrollton, Texas|Non-tech Companies with Software Dev Departments in DFW|"
ThyssenKrupp Elevator Americas,"Frisco, TX",,,Non-tech Companies with Software Dev Departments in DFW,,,,,,,6,"ThyssenKrupp Elevator Americas|Frisco, TX|Non-tech Companies with Software Dev Departments in DFW|"
Toyota,,,,Non-tech Companies with Software Dev Departments in DFW,,,,,,,6,Toyota||Non-tech Companies with Software Dev Departments in DFW|
USAA,"Plano, TX",,,Non-tech Companies with Software Dev Departments in DFW,,,,,,,6,"USAA|Plano, TX|Non-tech Companies with Software Dev Departments in DFW|"
Verizon,"Irving, TX",,,Non-tech Companies with Software Dev Departments in DFW,Large Company Internal Team,,,,,,6,"Verizon|Irving, TX|Non-tech Companies with Software Dev Departments in DFW|"
Vista Proppants,"Granbury, TX",,,Non-tech Companies with Software Dev Departments in DFW,,,,,,,6,"Vista Proppants|Granbury, TX|Non-tech Companies with Software Dev Departments in DFW|"
Vpay,"Plano, TX",,,Non-tech Companies with Software Dev Departments in DFW,,,,,,,6,"Vpay|Plano, TX|Non-tech Companies with Software Dev Departments in DFW|"
Walmart (eCommerce),,,,Non-tech Companies with Software Dev Departments in DFW,,,,,,,6,Walmart (eCommerce)||Non-tech Companies with Software Dev Departments in DFW|
Future Com,,,,Computer Security Consultants,,,,,,,7,Future Com||Computer Security Consultants|
Lynx Technology Partners,https://lynxgrc.com/,,,Computer Security Consultants,,,,Om,,,7,Lynx Technology Partners|https://lynxgrc.com/|Computer Security Consultants|
StackPath,"Dallas, TX","2021 McKinney Ave #1100, Dallas, TX 75201",https://www.stackpath.com/,Computer Security Consultants,,,,,,,7,"StackPath|Dallas, TX|Computer Security Consultants|https://www.stackpath.com/"
Zyston LLC,,,,Computer Security Consultants,,,,,,,7,Zyston LLC||Computer Security Consultants|
CyrusOne,"Dallas, TX",,,Companies with Data Centers / Co-Location Facilities in DFW,,,,,,,8,"CyrusOne|Dallas, TX|Companies with Data Centers / Co-Location Facilities in DFW|"
Facebook,"Fort Worth, TX",,,Companies with Data Centers / Co-Location Facilities in DFW,,,,,,,8,"Facebook|Fort Worth, TX|Companies with Data Centers / Co-Location Facilities in DFW|"
Rackspace,,,,Companies with Data Centers / Co-Location Facilities in DFW,,,,,,,8,Rackspace||Companies with Data Centers / Co-Location Facilities in DFW|
T5@Alliance,"Fort Worth, TX",,,Companies with Data Centers / Co-Location Facilities in DFW,,,,,,,8,"T5@Alliance|Fort Worth, TX|Companies with Data Centers / Co-Location Facilities in DFW|"
Co-Build,,,,Co-working Spaces/Accelerators,,,,,,,9,Co-Build||Co-working Spaces/Accelerators|
CodeLaunch,,,,Co-working Spaces/Accelerators,,,,,,,9,CodeLaunch||Co-working Spaces/Accelerators|
Dallas Entrepreneur Center (DEC) / Capital Factory,"Dallas, TX",,,Co-working Spaces/Accelerators,,,,,,,9,"Dallas Entrepreneur Center (DEC) / Capital Factory|Dallas, TX|Co-working Spaces/Accelerators|"
Ensemble Coworking,"Fort Worth, TX",,,Co-working Spaces/Accelerators,,,,,,,9,"Ensemble Coworking|Fort Worth, TX|Co-working Spaces/Accelerators|"
Health Wildcatters,,,,Co-working Spaces/Accelerators,,,,,,,9,Health Wildcatters||Co-working Spaces/Accelerators|
makerSeed,"Dallas, TX",,,Co-working Spaces/Accelerators,,,,,,,9,"makerSeed|Dallas, TX|Co-working Spaces/Accelerators|"
Nod Coworking,,,,Co-working Spaces/Accelerators,,,,,,,9,Nod Coworking||Co-working Spaces/Accelerators|
Penn Station,,,http://www.penn-station.com/,Co-working Spaces/Accelerators,,,,,,,9,Penn Station||Co-working Spaces/Accelerators|http://www.penn-station.com/
REVTECH Accelerator,,,,Co-working Spaces/Accelerators,,,,,,,9,REVTECH Accelerator||Co-working Spaces/Accelerators|
SMU Incubator - Dallas,"Dallas, TX",,,Co-working Spaces/Accelerators,,,,,,,9,"SMU Incubator - Dallas|Dallas, TX|Co-working Spaces/Accelerators|"
Stadia Ventures,"Frisco, TX",,,Co-working Spaces/Accelerators,,,,,,,9,"Stadia Ventures|Frisco, TX|Co-working Spaces/Accelerators|"
Stoke Coworking,,,,Co-working Spaces/Accelerators,,,,,,,9,Stoke Coworking||Co-working Spaces/Accelerators|
Tech Fort Worth,"Fort Worth, TX",,,Co-working Spaces/Accelerators,,,,,,,9,"Tech Fort Worth|Fort Worth, TX|Co-working Spaces/Accelerators|"
Tech Wildcatters,,,,Co-working Spaces/Accelerators,,,,,,,9,Tech Wildcatters||Co-working Spaces/Accelerators|
TopDesk,"Dallas, TX",,,Co-working Spaces/Accelerators,,,,,,,9,"TopDesk|Dallas, TX|Co-working Spaces/Accelerators|"
Union Worx,"Arlington, TX",,,Co-working Spaces/Accelerators,,,,,,,9,"Union Worx|Arlington, TX|Co-working Spaces/Accelerators|"
WeWork,,,,Co-working Spaces/Accelerators,,,,,,,9,WeWork||Co-working Spaces/Accelerators|
Aquent,,,,Tech Recruiters with Offices in DFW,,,,,,,10,Aquent||Tech Recruiters with Offices in DFW|
Boss Group,,,,Tech Recruiters with Offices in DFW,,,,,,,10,Boss Group||Tech Recruiters with Offices in DFW|
Camden Kelly,,,,Tech Recruiters with Offices in DFW,,,,,,,10,Camden Kelly||Tech Recruiters with Offices in DFW|
Robert Half,,,,Tech Recruiters with Offices in DFW,,,,,,,10,Robert Half||Tech Recruiters with Offices in DFW|
Saxon Global,,,,Tech Recruiters with Offices in DFW,,,,,,,10,Saxon Global||Tech Recruiters with Offices in DFW|
SpringBokIT,,,,Tech Recruiters with Offices in DFW,,,,,,,10,SpringBokIT||Tech Recruiters with Offices in DFW|
TEK Systems,,,,Tech Recruiters with Offices in DFW,,,,,,,10,TEK Systems||Tech Recruiters with Offices in DFW|
The Creative Group,,,,Tech Recruiters with Offices in DFW,,,,,,,10,The Creative Group||Tech Recruiters with Offices in DFW|
Vitamin T,,,,Tech Recruiters with Offices in DFW,,,,,,,10,Vitamin T||Tech Recruiters with Offices in DFW|
Workbridge Associates,,,,Tech Recruiters with Offices in DFW,,,,,,,10,Workbridge Associates||Tech Recruiters with Offices in DFW|
Bluescape Energy Parters,,,,VC Funds/Angel Groups,,,,,,,11,Bluescape Energy Parters||VC Funds/Angel Groups|
Cowtown Angels,,,,VC Funds/Angel Groups,,,,,,,11,Cowtown Angels||VC Funds/Angel Groups|
Dallas Angel Network,,,,VC Funds/Angel Groups,,,,,,,11,Dallas Angel Network||VC Funds/Angel Groups|
Deep Space Ventures,,,,VC Funds/Angel Groups,,,,,,,11,Deep Space Ventures||VC Funds/Angel Groups|
Delta-v Capital,,,,VC Funds/Angel Groups,,,,,,,11,Delta-v Capital||VC Funds/Angel Groups|
Intelis Capital,,,,VC Funds/Angel Groups,,,,,,,11,Intelis Capital||VC Funds/Angel Groups|
Interlock Ventures,,,,VC Funds/Angel Groups,,,,,,,11,Interlock Ventures||VC Funds/Angel Groups|
Kitano Capital,,,,VC Funds/Angel Groups,,,,,,,11,Kitano Capital||VC Funds/Angel Groups|
Mobility Ventures,,,,VC Funds/Angel Groups,,,,,,,11,Mobility Ventures||VC Funds/Angel Groups|
Naya Ventures,,,,VC Funds/Angel Groups,,,,,,,11,Naya Ventures||VC Funds/Angel Groups|
North Texas Angel Network,,,,VC Funds/Angel Groups,,,,,,,11,North Texas Angel Network||VC Funds/Angel Groups|
Sevin Rosen Funds,,,,VC Funds/Angel Groups,,,,,,,11,Sevin Rosen Funds||VC Funds/Angel Groups|
Toyota AI Ventures,,,,VC Funds/Angel Groups,,,,,,,11,Toyota AI Ventures||VC Funds/Angel Groups|
